{
  "Ridge": {
    "MAE": 2.502692013680909,
    "RMSE": 3.3147576681892037,
    "R2": 0.5086339242993343
  },
  "RandomForest": {
    "MAE": 2.22225331086006,
    "RMSE": 2.964151007095511,
    "R2": 0.6070817050528461
  },
  "XGB_baseline": {
    "MAE": 2.0560010979126915,
    "RMSE": 2.857839058390256,
    "R2": 0.6347610074345831
  },
  "XGB_tuned": {
    "MAE": 2.0353761718711074,
    "RMSE": 2.7578420889486632,
    "R2": 0.6598735612540663
  },
  "HGB": {
    "MAE": 2.0870822199131402,
    "RMSE": 2.787397233195171,
    "R2": 0.6525443881573826
  },
  "LGBM": {
    "MAE": 2.027176736880527,
    "RMSE": 2.735509723665047,
    "R2": 0.6653597878057953
  },
  "CatBoost": {
    "MAE": 2.2298337747600154,
    "RMSE": 3.0712017819157817,
    "R2": 0.5781886092528331
  },
  "Stacking": {
    "MAE": 2.07800499805931,
    "RMSE": 2.819235073759194,
    "R2": 0.6445617346280479
  }
}