{
  "Ridge": {
    "MAE": 2.5226594814417167,
    "RMSE": 3.3101186960344,
    "R2": 0.510008286317986
  },
  "RandomForest": {
    "MAE": 2.330124761499842,
    "RMSE": 3.1012302231485847,
    "R2": 0.5698998275042504
  },
  "XGB_baseline": {
    "MAE": 2.2169378658703396,
    "RMSE": 3.0429033089528303,
    "R2": 0.5859260529405619
  },
  "XGB_tuned": {
    "MAE": 2.1034851676590587,
    "RMSE": 2.794021138884166,
    "R2": 0.6508910552146426
  },
  "HGB": {
    "MAE": 2.0759306930609203,
    "RMSE": 2.7795474569900906,
    "R2": 0.6544986186388042
  },
  "LGBM": {
    "MAE": 2.1118969695907612,
    "RMSE": 2.831238752515539,
    "R2": 0.6415285361244251
  },
  "CatBoost": {
    "MAE": 2.3131978804810784,
    "RMSE": 3.1194320671617652,
    "R2": 0.5648362948589178
  },
  "Stacking": {
    "MAE": 2.183067739578698,
    "RMSE": 2.89707184790829,
    "R2": 0.624664076302325
  }
}