{
  "Ridge": {
    "MAE": 2.5680177835460936,
    "RMSE": 3.3597456580810956,
    "R2": 0.4952057446155914
  },
  "RandomForest": {
    "MAE": 2.1973506982912223,
    "RMSE": 2.939203136143482,
    "R2": 0.6136678900840178
  },
  "XGB_baseline": {
    "MAE": 2.168512873017058,
    "RMSE": 2.8898860236097232,
    "R2": 0.626523714747594
  },
  "XGB_tuned": {
    "MAE": 2.043006997011146,
    "RMSE": 2.7785671685654156,
    "R2": 0.6547422779290091
  },
  "HGB": {
    "MAE": 2.1311179276673107,
    "RMSE": 2.8018083522422015,
    "R2": 0.648942341023321
  },
  "LGBM": {
    "MAE": 2.029620674752922,
    "RMSE": 2.737575977231093,
    "R2": 0.664854059262387
  },
  "CatBoost": {
    "MAE": 2.2242590872734755,
    "RMSE": 3.1092486472876555,
    "R2": 0.567672850592222
  },
  "Stacking": {
    "MAE": 2.162876079384474,
    "RMSE": 2.9018770537565364,
    "R2": 0.6234179476551306
  }
}