{
  "Ridge": {
    "MAE": 2.840545369488228,
    "RMSE": 3.711588197594645,
    "R2": 0.38394261035497235
  },
  "RandomForest": {
    "MAE": 2.1777382659135074,
    "RMSE": 2.8945660333828944,
    "R2": 0.6253130871020411
  },
  "XGB_baseline": {
    "MAE": 2.069833845897597,
    "RMSE": 2.8661417560752414,
    "R2": 0.6326357135356868
  },
  "XGB_tuned": {
    "MAE": 2.015170290080869,
    "RMSE": 2.7345414628368636,
    "R2": 0.665596644331164
  },
  "HGB": {
    "MAE": 2.031418974858184,
    "RMSE": 2.6947876137712847,
    "R2": 0.6752488585320808
  },
  "LGBM": {
    "MAE": 1.9692935348105245,
    "RMSE": 2.6418705483109033,
    "R2": 0.687877793838594
  },
  "CatBoost": {
    "MAE": 2.1765191333813583,
    "RMSE": 2.9811097757082514,
    "R2": 0.6025728442797351
  },
  "Stacking": {
    "MAE": 2.1619226537262755,
    "RMSE": 2.8696157024182094,
    "R2": 0.6317446360187106
  }
}