{
  "Ridge": {
    "MAE": 2.8059147154836226,
    "RMSE": 3.6782775428754717,
    "R2": 0.3949509372665595
  },
  "RandomForest": {
    "MAE": 2.3098741247570476,
    "RMSE": 3.078824147737436,
    "R2": 0.5760922373216855
  },
  "XGB_baseline": {
    "MAE": 2.2608663563339078,
    "RMSE": 3.072781588393862,
    "R2": 0.5777545434988688
  },
  "XGB_tuned": {
    "MAE": 2.252791762546617,
    "RMSE": 2.969285889522693,
    "R2": 0.605719199022215
  },
  "HGB": {
    "MAE": 2.132080692818458,
    "RMSE": 2.8454301791682504,
    "R2": 0.6379258931545124
  },
  "LGBM": {
    "MAE": 2.1297700881236157,
    "RMSE": 2.7997579711810157,
    "R2": 0.6494559654451746
  },
  "CatBoost": {
    "MAE": 2.3553619726805457,
    "RMSE": 3.160015000460932,
    "R2": 0.5534399275197042
  },
  "Stacking": {
    "MAE": 2.2956486270275325,
    "RMSE": 2.990593444538179,
    "R2": 0.6000401883264969
  }
}