{
  "Ridge": {
    "MAE": 2.77886678767572,
    "RMSE": 3.6409915880912496,
    "R2": 0.40715528536636125
  },
  "RandomForest": {
    "MAE": 2.2065943964609644,
    "RMSE": 2.9283986472883865,
    "R2": 0.6165029775306088
  },
  "XGB_baseline": {
    "MAE": 2.082600442633337,
    "RMSE": 2.8888776986534443,
    "R2": 0.6267842923328275
  },
  "XGB_tuned": {
    "MAE": 2.0658300468873008,
    "RMSE": 2.7905395640423762,
    "R2": 0.6517605487405116
  },
  "HGB": {
    "MAE": 2.0199245701445476,
    "RMSE": 2.7646243640873935,
    "R2": 0.6581985794574612
  },
  "LGBM": {
    "MAE": 2.0051911744536026,
    "RMSE": 2.722999423314737,
    "R2": 0.668413607419455
  },
  "CatBoost": {
    "MAE": 2.2028712609133416,
    "RMSE": 3.002679354885709,
    "R2": 0.5968009342366155
  },
  "Stacking": {
    "MAE": 2.2885725582567757,
    "RMSE": 3.0826109252853744,
    "R2": 0.5750488314625555
  }
}