{
  "Ridge": {
    "MAE": 2.887949726019555,
    "RMSE": 3.752172337950299,
    "R2": 0.37039646754848665
  },
  "RandomForest": {
    "MAE": 2.3569349275186267,
    "RMSE": 3.0790977133819837,
    "R2": 0.5760169022282826
  },
  "XGB_baseline": {
    "MAE": 2.182193616555662,
    "RMSE": 2.9497010714141685,
    "R2": 0.6109032412072156
  },
  "XGB_tuned": {
    "MAE": 2.2446607525494637,
    "RMSE": 2.931180046940352,
    "R2": 0.6157741388916935
  },
  "HGB": {
    "MAE": 2.1265157692950685,
    "RMSE": 2.7935162674205722,
    "R2": 0.6510172097501683
  },
  "LGBM": {
    "MAE": 2.103312215464928,
    "RMSE": 2.7341885714279015,
    "R2": 0.665682947982801
  },
  "CatBoost": {
    "MAE": 2.3355756224388826,
    "RMSE": 3.112185882493505,
    "R2": 0.5668556458813037
  },
  "Stacking": {
    "MAE": 2.419164886655949,
    "RMSE": 3.152143044055575,
    "R2": 0.5556620200824296
  }
}