{
  "Ridge": {
    "MAE": 2.525079736447137,
    "RMSE": 3.3586986206273886,
    "R2": 0.4955203256513123
  },
  "RandomForest": {
    "MAE": 2.316066231778429,
    "RMSE": 3.0937222847580164,
    "R2": 0.571979812885999
  },
  "XGB_baseline": {
    "MAE": 2.2095855671532303,
    "RMSE": 3.00706753190729,
    "R2": 0.5956215863820311
  },
  "XGB_tuned": {
    "MAE": 2.090716062954494,
    "RMSE": 2.820079971843228,
    "R2": 0.6443486597325909
  },
  "HGB": {
    "MAE": 2.066330153448341,
    "RMSE": 2.769808413012029,
    "R2": 0.6569155287823427
  },
  "LGBM": {
    "MAE": 2.100044192582411,
    "RMSE": 2.8161885504955015,
    "R2": 0.645329507332681
  },
  "CatBoost": {
    "MAE": 2.2948655419184036,
    "RMSE": 3.1072612777410513,
    "R2": 0.5682253436981708
  },
  "Stacking": {
    "MAE": 2.248735843513246,
    "RMSE": 2.9917690558520937,
    "R2": 0.5997256757012126
  }
}